{"ZIndex":[18,18],"bondOrder":[0.0,0.0],"boundCount":[0,0],"boxx":46.586666107177734,"boxy":46.586666107177734,"boxz":46.586666107177734,"charge":[0.0,0.0],"chirality":[0,0],"electrons":[18,18],"gravity":false,"isothermal":true,"mag_gravity":9.800000190734863,"molecules":[{"angleBegin":0,"angleCount":0,"atomBegin":0,"atomCount":1,"bondBegin":0,"bondCount":0,"dihedralBegin":0,"dihedralCount":0,"subsetBegin":0,"subsetCount":1},{"angleBegin":0,"angleCount":0,"atomBegin":1,"atomCount":1,"bondBegin":0,"bondCount":0,"dihedralBegin":0,"dihedralCount":0,"subsetBegin":1,"subsetCount":1}],"neutrons":[20,20],"posx":[19.456134796142578,29.130374908447266],"posy":[23.339282989501953,23.223407745361328],"posz":[23.293331146240234,23.293331146240234],"subsets":[{"bonded":4294967295,"bonding":4294967295,"connected_begin":4294967295,"connected_count":0,"hydrogen_begin":4294967295,"hydrogen_count":0,"mainAtom":0},{"bonded":4294967295,"bonding":4294967295,"connected_begin":4294967295,"connected_count":0,"hydrogen_begin":4294967295,"hydrogen_count":0,"mainAtom":1}],"temperature":[0.0,0.0],"velx":[5.244939804077148,-5.244939804077148],"vely":[-0.0628492683172226,0.0628492683172226],"velz":[0.0,0.0],"wall_collision":false}