{"ZIndex":[11,17],"boundCount":[0,0],"boxx":58.806671142578125,"boxy":58.806671142578125,"boxz":58.806671142578125,"charge":[2.0,-2.0],"chirality":[0,0],"electrons":[10,18],"gravity":false,"isothermal":true,"mag_gravity":9.800000190734863,"molecules":[{"angleBegin":0,"angleCount":0,"atomBegin":0,"atomCount":2,"bondBegin":0,"bondCount":0,"dihedralBegin":0,"dihedralCount":0,"subsetBegin":0,"subsetCount":2}],"neutrons":[11,17],"posx":[24.604461669921875,32.8333740234375],"posy":[29.403335571289063,29.403335571289063],"posz":[29.403335571289063,29.403335571289063],"subsets":[{"bonded":4294967295,"bonding":4294967295,"connected_begin":4294967295,"connected_count":0,"hydrogen_begin":4294967295,"hydrogen_count":0,"mainAtom":0},{"bonded":4294967295,"bonding":4294967295,"connected_begin":4294967295,"connected_count":0,"hydrogen_begin":4294967295,"hydrogen_count":0,"mainAtom":1}],"temperature":[0.0,0.0],"velx":[0.5606236457824707,-0.3627564013004303],"vely":[0.0,0.0],"velz":[0.0,0.0],"wall_collision":false}